Name,Address,City,Rating,Review Count,Coordinates,Price
DiJiFi,"['1166 Manhattan Ave', 'Ste 201', 'Brooklyn, NY 11222']",Brooklyn,4.5,165,"{'latitude': 40.7382584, 'longitude': -73.9549479}",2.0
590films,"['42 West St', 'Ste 301', 'Brooklyn, NY 11222']",Brooklyn,5.0,4,"{'latitude': 40.7280427, 'longitude': -73.9588363}",
Kaleidoscope Pictures,"['Brooklyn, NY 11231']",Brooklyn,5.0,8,"{'latitude': 40.6772802, 'longitude': -74.0094471}",
Shell's Loft Brooklyn,"['13 Lexington Ave', 'Brooklyn, NY 11238']",Brooklyn,5.0,2,"{'latitude': 40.6866128, 'longitude': -73.9616521}",
Mind of Who Productions,"['193 Marcus Garvey Blvd', 'Brooklyn, NY 11221']",Brooklyn,4.5,2,"{'latitude': 40.691765, 'longitude': -73.939434}",
Cinema World Studios,"['220 Dupont St', 'Brooklyn, NY 11222']",Brooklyn,4.5,2,"{'latitude': 40.735954, 'longitude': -73.950508}",
Hit and Run Productions,"['65 Roebling St', 'Ste 202', 'Brooklyn, NY 11211']",Brooklyn,5.0,4,"{'latitude': 40.7165128, 'longitude': -73.9546435}",
Starr Street Media,"['852 Rogers Ave', 'Brooklyn, NY 11226']",Brooklyn,5.0,1,"{'latitude': 40.64986, 'longitude': -73.95257}",
Bizvidmedia Productions,"['99 Wallstreet', 'New York, NY 10005']",New York,5.0,5,"{'latitude': 40.70479, 'longitude': -74.00726}",
BK Actors Self-Tape,"['141 Flushing Ave', 'Bldg 77 ,Ste 1336', 'Brooklyn Navy Yard', 'Brooklyn, NY 11205']",Brooklyn,5.0,14,"{'latitude': 40.6985551, 'longitude': -73.9712029}",
Indigo Productions,"['250 W 90th St', 'New York, NY 10024']",New York,5.0,5,"{'latitude': 40.7908706665039, 'longitude': -73.9751968383789}",
Silentface,"['86 Menahan St', 'Ste 2L', 'Brooklyn, NY 11221']",Brooklyn,5.0,1,"{'latitude': 40.69445, 'longitude': -73.92036}",
Killer Combo Studios,"['641 Classon Ave', 'Brooklyn, NY 11238']",Brooklyn,5.0,7,"{'latitude': 40.678534, 'longitude': -73.958435}",
Iris Cinematics,"['121 Newark Ave', 'Ste 506', 'Jersey City, NJ 07302']",Jersey City,5.0,1,"{'latitude': 40.7199096679688, 'longitude': -74.0432891845703}",
Amy Lawday Films,"['Brooklyn, NY 11238']",Brooklyn,5.0,1,"{'latitude': 40.67772, 'longitude': -73.96312}",
An Olivetree Production,"['1350 Willoughby Ave', 'New York, NY 11237']",New York,5.0,1,"{'latitude': 40.7061738002948, 'longitude': -73.9202935099089}",
Steiner Studios,"['15 Washington Ave', 'Brooklyn, NY 11205']",Brooklyn,4.5,7,"{'latitude': 40.6983157794782, 'longitude': -73.967696428299}",
Ground Glass Motion Picture Company,"['195 Christie St', 'New York, NY 10002']",New York,5.0,1,"{'latitude': 40.7221489, 'longitude': -73.9923325}",
Vengo Films,"['8913 4th Ave', 'Ste 5837', 'Brooklyn, NY 11209']",Brooklyn,5.0,1,"{'latitude': 40.620018, 'longitude': -74.0292025}",
Urban Myth Studio,"['505 Johnson Ave', 'Brooklyn, NY 11237']",Brooklyn,5.0,4,"{'latitude': 40.708663918903, 'longitude': -73.926939086334}",
Gee Media,"['Brooklyn, NY 11225']",Brooklyn,5.0,4,"{'latitude': 40.66363, 'longitude': -73.95541}",
Film Trade,"['86 Verona St', 'New York, NY 11231']",New York,5.0,1,"{'latitude': 40.6796212181687, 'longitude': -74.0091629592533}",
Hello World Communications,"['118 W 22nd St', 'Fl 2', 'New York, NY 10011']",New York,5.0,42,"{'latitude': 40.7425398, 'longitude': -73.9945521}",
And/With Creative,"['102 Bay Ridge Ave', 'Ste 2F', 'Brooklyn, NY 11220']",Brooklyn,5.0,1,"{'latitude': 40.63741, 'longitude': -74.03218}",
New York Film Shop,"['437 Washington St', 'New York, NY 10013']",New York,5.0,3,"{'latitude': 40.7232895, 'longitude': -74.0101166}",
Cage Free Productions,"['15 Hawthorne St', 'Ste 3B', 'Brooklyn, NY 11225']",Brooklyn,5.0,1,"{'latitude': 40.657474, 'longitude': -73.959732}",
Starr Street Studios,"['207-A Starr St', 'Ste 3-1', 'Brooklyn, NY 11237']",Brooklyn,5.0,8,"{'latitude': 40.705122, 'longitude': -73.923457}",
The Edit Center,"['168 7th St', 'Ste 314', 'Brooklyn, NY 11215']",Brooklyn,5.0,6,"{'latitude': 40.6728208, 'longitude': -73.9909742}",
Muve Media,"['36 Waverly Ave', 'Brooklyn, NY 11205']",Brooklyn,5.0,1,"{'latitude': 40.696788, 'longitude': -73.968833}",
Miller/Datri Entertainment,"['600 Fifth Ave', 'Fl 2', 'New York, NY 10020']",New York,5.0,4,"{'latitude': 40.758596, 'longitude': -73.9784575}",
MRD Productions,"['500 W 30th St', 'New York, NY 10001']",New York,5.0,1,"{'latitude': 40.75194, 'longitude': -74.00156}",
Automatic Studios,"['52 Bridge St', 'Brooklyn, NY 11201']",Brooklyn,4.0,7,"{'latitude': 40.703069, 'longitude': -73.98468}",
The Cubed Effect,"['New York, NY 11201']",New York,5.0,4,"{'latitude': 40.69347, 'longitude': -73.99052}",
Deverge Studio,"['150 W 28th St', 'Ste 600', 'New York, NY 10001']",New York,5.0,5,"{'latitude': 40.74676, 'longitude': -73.99282}",
RUX Media,"['50 Harrison St', 'Hoboken, NJ 07030']",Hoboken,5.0,1,"{'latitude': 40.7372343, 'longitude': -74.042797}",
Eastern Effects,"['99 9th St', 'Brooklyn, NY 11215']",Brooklyn,4.5,3,"{'latitude': 40.6734029529525, 'longitude': -73.9946415645175}",
Tom Ragan Films,"['Brooklyn, NY 11215']",Brooklyn,5.0,2,"{'latitude': 40.66889, 'longitude': -73.9819}",
Hello Super Studios,"['Brooklyn, NY 11206']",Brooklyn,5.0,9,"{'latitude': 40.7038917541504, 'longitude': -73.9447479248047}",
GUM Studios,"['4508 2nd Ave', 'Brooklyn, NY 11232']",Brooklyn,5.0,1,"{'latitude': 40.65181, 'longitude': -74.0143}",
AbelCine,"['Industry City', '88 35th St, Fl 4', 'Brooklyn, NY 11232']",Brooklyn,3.5,9,"{'latitude': 40.6564111, 'longitude': -74.0067047}",4.0
Jersey Filmmaker,"['Jersey City, NJ 07302']",Jersey City,5.0,1,"{'latitude': 40.7218017578125, 'longitude': -74.0449295043945}",
Brain Fry Productions,"['2853 Steinway St', '2F', 'Astoria, NY 11103']",Astoria,5.0,2,"{'latitude': 40.630508, 'longitude': -74.028456}",
Silvercup Studios,"['42-22 22nd St', 'Long Island City, NY 11101']",Long Island City,4.5,12,"{'latitude': 40.751331, 'longitude': -73.943515}",
YouTube Space,"['75 9th Ave', 'New York, NY 10011']",New York,5.0,6,"{'latitude': 40.742581, 'longitude': -74.005434}",
Sun Production,"['36-06 30th St', 'C7', 'Astoria, NY 11106']",Astoria,5.0,1,"{'latitude': 40.756815, 'longitude': -73.930988}",
V-Productions,"['469 7th Ave', 'New York, NY 10018']",New York,5.0,1,"{'latitude': 40.7519226, 'longitude': -73.9894887}",
Broadway Stages,"['359 Kingsland Ave', 'Greenpoint, NY 11222']",Greenpoint,4.0,1,"{'latitude': 40.7289565103425, 'longitude': -73.9424950629473}",
Steve Palmer Films,"['New York, NY 11215']",New York,5.0,1,"{'latitude': 40.66874, 'longitude': -73.98181}",
Prosper Digital TV,"['33 35th St', 'Fl 5. Ste 523', 'Brooklyn, NY 11232']",Brooklyn,5.0,6,"{'latitude': 40.65722, 'longitude': -74.00735}",
The Self Tape Space,"['W 118th St & Manhattan Ave', 'New York, NY 10026']",New York,5.0,13,"{'latitude': 40.806343, 'longitude': -73.955873}",
MediaStorm,"['20 Jay St', 'Ste 528', 'Brooklyn, NY 11201']",Brooklyn,4.0,1,"{'latitude': 40.7040999, 'longitude': -73.9867}",
Fine Art Productions,"['1655 Oak Tree Rd', 'Ste 270', 'Edison, NJ 08820']",Edison,4.5,19,"{'latitude': 40.5709695115082, 'longitude': -74.340228068968}",
American Movie Company,"['808 Broadway', 'New York, NY 10003']",New York,5.0,9,"{'latitude': 40.7324361, 'longitude': -73.9909751}",
BC Green Screen Studio,"['152-56 W 25th St', 'Fl 2', 'Manhattan, NY 10001']",Manhattan,5.0,5,"{'latitude': 40.744865, 'longitude': -73.994056}",
Latour de Force Productions,"['New York, NY 10019']",New York,5.0,7,"{'latitude': 40.7645378112793, 'longitude': -73.9842376708984}",
Transfer City USA,"['77 Lincoln Ave', 'Staten Island, NY 10306']",Staten Island,5.0,4,"{'latitude': 40.580222, 'longitude': -74.109705}",2.0
Brooklyn Studios,"['8-16 43rd Ave', 'Long Island City, NY 11101']",Long Island City,4.5,8,"{'latitude': 40.7526277, 'longitude': -73.949923}",
Reel Creative Studios,"['146 W 29th St', 'Fl 3', 'Manhattan, NY 10001']",Manhattan,4.5,11,"{'latitude': 40.750133, 'longitude': -73.997006}",
Teleprompter Rental,"['808 Broadway', 'Ste 5P', 'New York, NY 10003']",New York,4.5,12,"{'latitude': 40.732678, 'longitude': -73.991217}",
New Dawn Films,"['88 Greenwich St', 'Ste 2702', 'New York, NY 10006']",New York,5.0,1,"{'latitude': 40.7077779, 'longitude': -74.013832}",
Red Wall Productions,"['400 W 43rd St', 'Manhattan, NY 10036']",Manhattan,5.0,1,"{'latitude': 40.7590979, 'longitude': -73.9924507}",
SkyTown Entertainment,"['5 Crosby St', 'Ste 2F', 'New York, NY 10013']",New York,5.0,21,"{'latitude': 40.719785, 'longitude': -74.0002426}",
Afterimaging,"['Brooklyn, NY 11216']",Brooklyn,4.0,1,"{'latitude': 40.67918, 'longitude': -73.94932}",
Dynasty Films Production Group,"['Queens, NY 11413']",Queens,5.0,1,"{'latitude': 40.67216, 'longitude': -73.74929}",
Good Brother,"['68 Jay St', 'Ste 515', 'Brooklyn, NY 11201']",Brooklyn,5.0,1,"{'latitude': 40.7027612, 'longitude': -73.9867783}",
Beyond Studios NYC,"['272 Seigel St', 'Brooklyn, NY 11206']",Brooklyn,4.5,2,"{'latitude': 40.7051734924316, 'longitude': -73.9341125488281}",
Le JIT Productions,"['544 Park Ave', 'Brooklyn, NY 11205']",Brooklyn,5.0,1,"{'latitude': 40.696704, 'longitude': -73.95333}",
Digital Art Video,"['85-06 60th Ave', 'Middle Village, NY 11379']",Middle Village,5.0,1,"{'latitude': 40.7294388, 'longitude': -73.8748016}",
Lytehouse Studio,"['356 Devoe St', 'Brooklyn, NY 11211']",Brooklyn,5.0,1,"{'latitude': 40.71368, 'longitude': -73.9359377}",
Valerie Terranova Photography,"['New York, NY 10029']",New York,5.0,2,"{'latitude': 40.79138, 'longitude': -73.94481}",
Dataworks,"['10 E 39th St', 'Fl 5', 'New York, NY 10016']",New York,5.0,20,"{'latitude': 40.7510714, 'longitude': -73.9816058}",
Technicolor PostWorks,"['1411 Broadway', 'New York, NY 10018']",New York,5.0,1,"{'latitude': 40.7542267, 'longitude': -73.9875942}",
Gowanus Loft,"['61 9th St', 'Loft C8', 'Brooklyn, NY 11215']",Brooklyn,3.0,2,"{'latitude': 40.6737765661381, 'longitude': -73.9956182037049}",
Dan Simon Media,"['New York, NY 10065']",New York,5.0,2,"{'latitude': 40.76459, 'longitude': -73.96363}",
Transcendent Enterprise,"['121 West 27 St', 'Ste 1003c', 'New York, NY 10010']",New York,5.0,7,"{'latitude': 40.7460684, 'longitude': -73.9919615}",
Bond Street Studio,"['235 Bond St', 'Brooklyn, NY 11217']",Brooklyn,5.0,4,"{'latitude': 40.682204, 'longitude': -73.987889}",
Necessary Studios,"['25-19 Borden Ave', 'Ste 204', 'Long Island City, NY 11101']",Long Island City,5.0,3,"{'latitude': 40.73974, 'longitude': -73.9444199}",
ActorIntro,"['555 West 59th St', 'Holbrook Studio', 'New York, NY 10019']",New York,4.0,5,"{'latitude': 40.771451, 'longitude': -73.989385}",
DZ Productions LLC,"['Westwood, NJ 07675']",Westwood,5.0,1,"{'latitude': 40.7368521479561, 'longitude': -74.0288829803467}",
Stylish Ev Productions,"['1052 Longfellow Ave', 'Bronx, NY 10459']",Bronx,5.0,1,"{'latitude': 40.82477, 'longitude': -73.88759}",
Studio 253 NYC @ E.C. Pro Video Systems,"['Ec Pro Video Systems Inc', '253 W 51st St , Fl 3 S', 'New York, NY 10019']",New York,5.0,1,"{'latitude': 40.7628288, 'longitude': -73.9851837}",
Michael Justin Films,"['34 W 73rd St', 'New York, NY 10023']",New York,5.0,17,"{'latitude': 40.9547520442269, 'longitude': -73.8106155395508}",
Caryn West the Audition Coach,"['789 W End Ave', 'Ste A', 'New York, NY 10025']",New York,5.0,8,"{'latitude': 40.79704, 'longitude': -73.97213}",
Freedom Film,"['444 Gregory Rd', 'Paramus, NJ 07652']",Paramus,5.0,11,"{'latitude': 40.9448021263531, 'longitude': -74.0746893391479}",
"Gotham Sound & Communications, Inc","['35-10 36th Ave', 'Second Fl', 'Long Island City, NY 11106']",Long Island City,4.0,4,"{'latitude': 40.7548453, 'longitude': -73.9264109}",
Music Works NYC,"['215 W 91st St', 'New York, NY 10024']",New York,5.0,1,"{'latitude': 40.79127, 'longitude': -73.9734}",
World Cinema Partners,"['204-04 Hillside Ave', 'Queens, NY 11423']",Queens,5.0,1,"{'latitude': 40.7202215, 'longitude': -73.7608172}",
BAZA.Studio,"['34-36 W 32nd St', 'New York, NY 10001']",New York,5.0,1,"{'latitude': 40.747727, 'longitude': -73.987349}",
Spike Li Film,"['28-20 119th St', 'Fl 2', 'Queens, NY 11354']",Queens,5.0,5,"{'latitude': 40.77254, 'longitude': -73.84914}",
Gotham Films,"['1101 W Edgar Rd', 'Hangar 500', 'Linden, NJ 07036']",Linden,5.0,1,"{'latitude': 40.6141, 'longitude': -74.244516}",
Michael King - Wedding Photographer by ARTLOOK,"['260 65th St', 'Brooklyn, NY 10019']",Brooklyn,5.0,14,"{'latitude': 40.639374, 'longitude': -74.024275}",
UT CINEMA  Film Production,"['7600 Shore Front Pkwy', 'Arverne, NY 11692']",Arverne,5.0,5,"{'latitude': 40.587629, 'longitude': -73.80298}",
Onedaybaby,"['New York, NY 10009']",New York,5.0,2,"{'latitude': 40.7271881103516, 'longitude': -73.9797286987305}",
Milk & Honey Productions,"['116 W 23rd St', 'Ste 500', 'New York, NY 10011']",New York,5.0,6,"{'latitude': 40.7431016327803, 'longitude': -73.9934090536103}",
Women Make Movies,"['115 W 29th St', 'Ste 1200', 'New York, NY 10001']",New York,5.0,1,"{'latitude': 40.7472, 'longitude': -73.99084}",
Hand Held Films,"['129 W 27th St', 'New York, NY 10001']",New York,2.5,6,"{'latitude': 40.74618, 'longitude': -73.99221}",
Future Analog,"['240 Saint Nicholas Ave', 'Brooklyn, NY 11237']",Brooklyn,5.0,33,"{'latitude': 40.7027, 'longitude': -73.9139299}",
BB Optics,"['27 W 20th St', 'Ste 307', 'New York, NY 10011']",New York,3.0,3,"{'latitude': 40.7406105, 'longitude': -73.992708}",
Chromavision,"['49 W 27th St', 'Ste 900', 'New York, NY 10001']",New York,3.5,3,"{'latitude': 40.745328, 'longitude': -73.9902255}",
GT Modern Creations,"['Brooklyn, NY 11237']",Brooklyn,5.0,2,"{'latitude': 40.7043156, 'longitude': -73.9212858}",
Andrew Towe Creative,"['New York, NY 10001']",New York,5.0,2,"{'latitude': 40.75095, 'longitude': -73.99811}",
Apostrophe Three,"['115 E 23rd St', 'New York, NY 10010']",New York,5.0,2,"{'latitude': 40.7400208, 'longitude': -73.985527}",
Contra Studios,"['122 W 26th St', 'New York, NY 10001']",New York,5.0,2,"{'latitude': 40.744998, 'longitude': -73.992588}",
Light and Shadow Filmmaking Workshops,"['632 Broadway', 'Ste 304', 'New York City, NY 10012']",New York City,4.5,12,"{'latitude': 40.72617, 'longitude': -73.99598}",
Tough Guppy Productions,"['119 West 72nd St', 'Ste 224', 'New York, NY 10023']",New York,4.0,1,"{'latitude': 40.7779554, 'longitude': -73.9793544}",
Video Data Services,"['406 Chestnut St', 'Union, NJ 07083']",Union,5.0,13,"{'latitude': 40.68066, 'longitude': -74.26877}",
Mida's Cave,"['424 W 49th St', 'New York, NY 10019']",New York,5.0,1,"{'latitude': 40.76315, 'longitude': -73.99068}",
Chemistry Creative,"['305 Ten Eyck St', 'Brooklyn, NY 11206']",Brooklyn,5.0,2,"{'latitude': 40.71166, 'longitude': -73.93671}",
Cameron Toy Recording & Production,"['353 Ten Eyck St', 'Brooklyn, NY 11206']",Brooklyn,5.0,3,"{'latitude': 40.711827725172, 'longitude': -73.9354415237904}",
Simba Productions,"['115 W 29th St', 'Ste 605', 'New York, NY 10001']",New York,5.0,1,"{'latitude': 40.74708, 'longitude': -73.99081}",
Drama Life Films,"['New York, NY 10016']",New York,5.0,3,"{'latitude': 40.7454071044922, 'longitude': -73.9792938232422}",
Yellow Hook Productions,"['Brooklyn, NY 11220']",Brooklyn,5.0,6,"{'latitude': 40.64045, 'longitude': -74.0176}",
Kelly's Creative,"['105 Chestnut St', 'Cranford, NJ 07016']",Cranford,5.0,1,"{'latitude': 40.654169, 'longitude': -74.301901}",
Chris Fig Productions,"['610 W 42nd St', 'Ste 31E', 'New York, NY 10036']",New York,5.0,4,"{'latitude': 40.76097, 'longitude': -73.99906}",
Brooklyn Wedding Videography,"['455 Pulaski St', 'Brooklyn, NY 11221']",Brooklyn,5.0,5,"{'latitude': 40.694338, 'longitude': -73.9321226}",
New York Printing Solutions,"['252 W 38th St', 'Fl 6', 'New York, NY 10018']",New York,5.0,16,"{'latitude': 40.7541168, 'longitude': -73.9906885}",
Giorgio Arcelli Fontana,"['New York, NY 10024']",New York,5.0,1,"{'latitude': 40.7867431640625, 'longitude': -73.97494506835938}",
Mint Wedding Cinematography,"['1404 Pacific St', 'Brooklyn, NY 11216']",Brooklyn,5.0,13,"{'latitude': 40.67707, 'longitude': -73.943771}",
Guggenheim Productions,"['250 W 54th St', 'Ste 405', 'New York, NY 10019']",New York,5.0,1,"{'latitude': 40.7644043, 'longitude': -73.9837112}",
Manhattan Neighborhood Network,"['537 W 59th St', 'New York, NY 10019']",New York,4.5,13,"{'latitude': 40.7713203430176, 'longitude': -73.9891662597656}",
Hot Indie Media,"['269 12th St', 'Brooklyn, NY 11215']",Brooklyn,5.0,1,"{'latitude': 40.667861, 'longitude': -73.988286}",
Windmill Studios,"['300 Kingsland Ave', 'Brooklyn, NY 11222']",Brooklyn,5.0,1,"{'latitude': 40.72689, 'longitude': -73.94155}",
Herculean,"['Brooklyn, NY 11201']",Brooklyn,5.0,2,"{'latitude': 40.6989049533054, 'longitude': -73.9901041883911}",
Bright Glare Pictures,"['Brooklyn, NY 11221']",Brooklyn,5.0,17,"{'latitude': 40.69235, 'longitude': -73.9261}",
DCTV,"['87 Lafayette St', 'New York, NY 10013']",New York,3.0,5,"{'latitude': 40.717311, 'longitude': -74.001144}",
New York Video Service,"['New York, NY 10034']",New York,5.0,4,"{'latitude': 40.8708152770996, 'longitude': -73.9230728149414}",
Classic Conversions,"['33 Yahara Ave', 'Rutherford, NJ 07070']",Rutherford,5.0,4,"{'latitude': 40.841141, 'longitude': -74.116282}",
FOU Studios,"['3702 Astoria Blvd', 'Ste 303', 'Astoria, NY 11103']",Astoria,5.0,4,"{'latitude': 40.7690407153992, 'longitude': -73.9128690859833}",
Shooting Stars Pro,"['374 S 2nd St', 'Ste 7', 'Brooklyn, NY 11211']",Brooklyn,5.0,15,"{'latitude': 40.7098016203158, 'longitude': -73.9527393650513}",
Long Island Models & Talent,"['780 Long Beach Blvd', 'Long Beach, NY 11561']",Long Beach,5.0,8,"{'latitude': 40.5934073, 'longitude': -73.6563343}",
J'adore Love Photo and Cinema,"['342 52nd St', 'New York, NY 11220']",New York,5.0,62,"{'latitude': 40.645809, 'longitude': -74.014968}",
ILovePhotos2,"['New Rochelle, NY 10804']",New Rochelle,4.0,1,"{'latitude': 40.9492193, 'longitude': -73.7889689}",
Butter Tree Studios,"['32 Merry Ln', 'East Hanover, NJ 07936']",East Hanover,5.0,1,"{'latitude': 40.819519, 'longitude': -74.3461838}",
New York Wedding Films,"['447 Broadway', 'Fl 2', 'New York, NY 10013']",New York,5.0,4,"{'latitude': 40.7206058, 'longitude': -74.0014893}",
Vitruvian Sound NYC,"['1001 Irving Ave', 'Ste 114', 'Brooklyn, NY 11237']",Brooklyn,5.0,2,"{'latitude': 40.694671, 'longitude': -73.905351}",
Clean & Humble,"['277 78th St', 'Bay Ridge, NY 11209']",Bay Ridge,5.0,2,"{'latitude': 40.6474744, 'longitude': -74.0194954}",
SineMax Films,"['New York, NY 10001']",New York,5.0,5,"{'latitude': 40.7492790222168, 'longitude': -73.9925918579102}",
360 Sound & Vision,"['330 7th Ave', 'New York, NY 10001']",New York,1.0,1,"{'latitude': 40.7477397, 'longitude': -73.9933739}",
Smitten Chickens,"['2134 2nd Ave', 'Manhattan, NY 10029']",Manhattan,5.0,14,"{'latitude': 40.7930517, 'longitude': -73.9406454}",
MarkaWedding,"['9913 3rd Ave', 'Brooklyn, NY 11209']",Brooklyn,5.0,1,"{'latitude': 40.61388, 'longitude': -74.03502}",
Schnitzel Studios,"['Ridgewood, NY 11385']",Ridgewood,5.0,1,"{'latitude': 40.700740814209, 'longitude': -73.8950881958008}",
DuArt,"['245 W 55th St', 'New York, NY 10019']",New York,4.0,2,"{'latitude': 40.765316, 'longitude': -73.982986}",
Showreels NYC,"['1412 Broadway St', 'New York, NY 10024']",New York,5.0,13,"{'latitude': 40.75373, 'longitude': -73.98685}",
Johan Ospina Photography™,"['1332 3rd Ave', 'New York, NY 10075']",New York,5.0,2,"{'latitude': 40.77257, 'longitude': -73.95877}",
Creative Capsule Films,"['641 Lexington Ave', 'Fl 15', 'New York, NY 10022']",New York,5.0,1,"{'latitude': 40.7589, 'longitude': -73.96976}",
Dvideo Digital Video Production Studio,"['2900 Westchester Ave', 'Ste 205', 'Purchase, NY 10577']",Purchase,5.0,1,"{'latitude': 41.0104596, 'longitude': -73.6980187}",
Adiuvo Productions,"['95 Horatio St', 'New York, NY 10014']",New York,1.0,2,"{'latitude': 40.7984185256138, 'longitude': -73.961374341663}",
Production Central,"['873 Broadway', 'Ste 205', 'New York, NY 10003']",New York,4.5,5,"{'latitude': 40.738155, 'longitude': -73.990417}",
NRG Film Company,"['891 W Park Ave', 'Ocean, NJ 07712']",Ocean,5.0,2,"{'latitude': 40.2631296, 'longitude': -74.0469306}",
Envision Video Services,"['224 Blvd', 'Hasbrouck Heights, NJ 07604']",Hasbrouck Heights,4.5,9,"{'latitude': 40.8621579820709, 'longitude': -74.0778309894409}",
Juhl Media,"['New York, NY 10027']",New York,5.0,1,"{'latitude': 40.8125, 'longitude': -73.95267}",
Caroline Sinno Photography,"['116 John St', 'Ste 3004', 'New York, NY 10038']",New York,5.0,29,"{'latitude': 40.7076289, 'longitude': -74.0058454}",
Absolute Motion Video Production,"['Mahopac, NY 10541']",Mahopac,5.0,4,"{'latitude': 41.3734855651855, 'longitude': -73.7295608520508}",
Zen Love Photography,"['Forest Hills', 'Queens, NY 11375']",Queens,5.0,6,"{'latitude': 40.7196350097656, 'longitude': -73.8424377441406}",
J&D Laboratories,"['Staten Island, NY 10312']",Staten Island,4.5,10,"{'latitude': 40.5464630126953, 'longitude': -74.1811981201172}",
Magno Sound & Video,"['15 E 32nd St', '10 Floor', 'New York, NY 10016']",New York,4.0,7,"{'latitude': 40.7469112, 'longitude': -73.9843344}",
MassiveMedia,"['34 W 27th St', 'Fl 6', 'New York, NY 10001']",New York,5.0,3,"{'latitude': 40.7448597, 'longitude': -73.9901162}",
MagnifiCo,"['315 W 36th St', 'New York, NY 10018']",New York,5.0,1,"{'latitude': 40.754084, 'longitude': -73.993496}",
Joseph Edwards Films,"['116 W 23rd St', 'Fl 5', 'New York, NY 10011']",New York,5.0,5,"{'latitude': 40.7430694, 'longitude': -73.9935768}",
Professional Sound Services,"['311 W 43rd St', 'Ste 1100', 'Manhattan, NY 10036']",Manhattan,1.0,1,"{'latitude': 40.7584496, 'longitude': -73.9899826}",
Central Casting New York,"['5 Penn Plaza', 'Fl 10', 'New York, NY 10001']",New York,3.5,23,"{'latitude': 40.751883, 'longitude': -73.994086}",
mimoYmima,"['1109 Prospect Ave', 'Brooklyn, NY 11218']",Brooklyn,4.5,12,"{'latitude': 40.6560973829618, 'longitude': -73.9768440730164}",
Bushwick Print Lab,"['100 Grattan St', 'Brooklyn, NY 11237']",Brooklyn,4.0,14,"{'latitude': 40.70583, 'longitude': -73.92907}",
GSB Digital,"['01 Hunters Point Ave', 'Ste 33', 'Queens, NY 11101']",Queens,4.5,2,"{'latitude': 40.7389991, 'longitude': -73.9322163}",
Acerbic Film and Entertainment,"['641 Lexington Ave', 'Manhattan, NY 10022']",Manhattan,2.5,5,"{'latitude': 40.7331163, 'longitude': -73.9913067}",
Advantage Marketing Company,"['480 Bay St', 'Staten Island, NY 10304']",Staten Island,5.0,2,"{'latitude': 40.63035, 'longitude': -74.07684}",
Lush Life Film,"['4 Peter Cooper Rd', 'Apt Ma', 'New York, NY 10010']",New York,5.0,3,"{'latitude': 40.734795, 'longitude': -73.9768509}",
Blue Moon Video Productions,"['55 Madison Ave', 'Ste 400', 'Morristown, NJ 07960']",Morristown,4.0,5,"{'latitude': 40.78758, 'longitude': -74.46784}",
Borderland Films,"['Staten Island, NY 10309']",Staten Island,5.0,2,"{'latitude': 40.54377, 'longitude': -74.21447}",
Visual Image Video & Photography,"['7514 13th Ave', 'Brooklyn, NY 11228']",Brooklyn,4.0,5,"{'latitude': 40.61999, 'longitude': -74.00796}",
That's A Wrap Productions,"['1675 Newbridge Rd', 'North Bellmore, NY 11710']",North Bellmore,5.0,4,"{'latitude': 40.6816644, 'longitude': -73.539795}",
Magnet Media,"['12 W 27th St 12th Fl', 'Manhattan, NY 10001']",Manhattan,2.5,3,"{'latitude': 40.744495, 'longitude': -73.989365}",
NST Pictures,"['25 Broadway', 'Fl 9', 'New York, NY 10004']",New York,4.5,25,"{'latitude': 40.7079624468688, 'longitude': -74.0115268017273}",
North Fork Wedding Films & Photography,"['Glen Cove, NY 11542']",Glen Cove,5.0,1,"{'latitude': 40.85848, 'longitude': -73.62912}",
Angela Cappetta Photography,"['New York, NY 10003']",New York,5.0,21,"{'latitude': 40.732, 'longitude': -73.98884}",
Art Contra Studio,"['Cranford, NJ 07107']",Cranford,1.0,1,"{'latitude': 40.760441, 'longitude': -74.188745}",
Studio 27 Media,"['Hopatcong, NJ 07841']",Hopatcong,5.0,1,"{'latitude': 40.9394989013672, 'longitude': -74.6585464477539}",
Jordi Rubio,"['New York, NY 10031']",New York,5.0,1,"{'latitude': 40.824878692627, 'longitude': -73.9500885009766}",
"Chait Video, Inc","['75 Holly Hill Ln', 'Ste 100', 'Greenwich, CT 06830']",Greenwich,3.0,2,"{'latitude': 41.01574, 'longitude': -73.64778}",
Starlight Studioz,"['2299 Coney Island Ave', 'Brooklyn, NY 11223']",Brooklyn,4.0,6,"{'latitude': 40.60108, 'longitude': -73.9610359}",
Natural Expressions NY,"['475 Park Ave S', 'Fl 23', 'New York, NY 10016']",New York,5.0,10,"{'latitude': 40.74537, 'longitude': -73.9822499}",
Mediacom Inc,"['992 High Ridge Rd', 'Stamford, CT 06905']",Stamford,5.0,1,"{'latitude': 41.105284, 'longitude': -73.548708}",
Events Capture,"['1314 Jericho Tpk', 'New Hyde Park, NY 11040']",New Hyde Park,3.5,21,"{'latitude': 40.7331643, 'longitude': -73.6819009}",
ìntränsōl,"['115 W 18th St', 'New York, NY 10011']",New York,5.0,1,"{'latitude': 40.7402607, 'longitude': -73.9956224}",
Florence Montmare,"['100 W 83rd St', 'Manhattan, NY 10024']",Manhattan,5.0,6,"{'latitude': 40.7845532, 'longitude': -73.9736775}",
Bret Josephs Photography & Videography,"['30 E End Ave', 'Ste 5D', 'New York, NY 10028']",New York,4.5,29,"{'latitude': 40.77162, 'longitude': -73.94743}",
Stizzi Web Print & Graphics,"['371 Etna St', 'Brooklyn, NY 11208']",Brooklyn,4.5,3,"{'latitude': 40.687969, 'longitude': -73.869995}",
Timeless Love Pix,"['Floral Park, NY 11003']",Floral Park,5.0,2,"{'latitude': 40.70224, 'longitude': -73.70496}",
Esso Studios,"['1013 Grand St', 'Ste 28', 'Brooklyn, NY 11211']",Brooklyn,5.0,3,"{'latitude': 40.7136383, 'longitude': -73.9347059}",
Dreams Animation,"['32-72 Steinway St', 'Ste 2L', 'Astoria, NY 11103']",Astoria,4.5,11,"{'latitude': 40.7572887, 'longitude': -73.9205807}",
Picture Perfect Media Productions,"['95 Parker St', 'Newark, NJ 07104']",Newark,1.0,1,"{'latitude': 40.755977, 'longitude': -74.179046}",
Sweeter,"['New York, NY 10022']",New York,4.0,114,"{'latitude': 40.75889205932617, 'longitude': -73.96851348876953}",1.0
Shaved Head Media,"['Brooklyn, NY 11221']",Brooklyn,1.0,1,"{'latitude': 40.6924, 'longitude': -73.92621}",
Vivid Photo,"['2215 Ave U', 'Brooklyn, NY 11229']",Brooklyn,3.0,21,"{'latitude': 40.59989, 'longitude': -73.94892}",2.0
J Castillo Films,"['140 W 23rd St', 'Deer Park, NY 11729']",Deer Park,5.0,3,"{'latitude': 40.75142, 'longitude': -73.34765}",
The Candi Project,"['Plainview, NY 11803']",Plainview,5.0,22,"{'latitude': 40.7848157, 'longitude': -73.471054}",
Pregnant Belly Painting,"['34 Van Houten St', 'Paterson, NJ 07505']",Paterson,5.0,1,"{'latitude': 40.9179256, 'longitude': -74.1766118}",
SugarHill Works,"['723 Saint Nicholas Ave', 'New York, NY 10031']",New York,5.0,5,"{'latitude': 40.824997, 'longitude': -73.9444612}",
Musiclab NYC,"['Elmont, NY 11003']",Elmont,5.0,1,"{'latitude': 40.6943581912167, 'longitude': -73.7173442937317}",
Crystal Lake Pictures,"['101 Crawfords Corner Rd', 'Ste 4-101R', 'Holmdel, NJ 07733']",Holmdel,3.0,2,"{'latitude': 40.3650877, 'longitude': -74.167457}",
Dancejock Productions,"['40 Burt Dr', 'Ste 1', 'Deer Park, NY 11729']",Deer Park,4.5,12,"{'latitude': 40.758861, 'longitude': -73.305488}",
rjephoto,"['basking ridge, NJ 07920']",basking ridge,5.0,2,"{'latitude': 40.7064399719238, 'longitude': -74.548713684082}",
Colorwerx,"['47-00 Northern Blvd', 'Long Island City, NY 11101']",Long Island City,4.5,12,"{'latitude': 40.7532988, 'longitude': -73.915655}",
Remsen Graphics,"['52 Court St', 'Brooklyn, NY 11201']",Brooklyn,4.5,34,"{'latitude': 40.6921980305078, 'longitude': -73.9912788312134}",
Firesign Media,"['Manhattan, NY 10001']",Manhattan,3.5,6,"{'latitude': 40.75095, 'longitude': -73.99811}",
Nightlife Productions,"['354 W37th St', 'Fl 3', 'New York, NY 10018']",New York,3.5,3,"{'latitude': 40.75498, 'longitude': -73.99457}",
Caelum Music Production,"['Oceanside, NY 11572']",Oceanside,5.0,2,"{'latitude': 40.63471, 'longitude': -73.65466}",
Riccardo Studios,"['162-38 Crossbay Blvd', 'Howard Beach, NY 11414']",Howard Beach,3.0,11,"{'latitude': 40.6528664, 'longitude': -73.8385849}",
Threshold Recording Studios NYC,"['440 W 41st St', 'New York, NY 10036']",New York,5.0,10,"{'latitude': 40.758406, 'longitude': -73.994913}",
Masters of Fun,"['115 Kensington St', 'New York, NY 11235']",New York,4.5,15,"{'latitude': 40.7123944266053, 'longitude': -74.0073394775391}",
The Candi Project,"['New York, NY 11554']",New York,5.0,1,"{'latitude': 40.71852, 'longitude': -73.5544}",
Creative Unlimited,"['Old Bridge, NJ 08857']",Old Bridge,5.0,2,"{'latitude': 40.40297, 'longitude': -74.31309}",
Lights Camera Action Studios,"['1674 Broadway', 'Ste 802', 'Manhattan, NY 10019']",Manhattan,1.0,9,"{'latitude': 40.76279, 'longitude': -73.98294}",
Loupe Digital Studio,"['117 E 24th St', 'Fl 2', 'Manhattan, NY 10010']",Manhattan,5.0,3,"{'latitude': 40.7406730651855, 'longitude': -73.9848709106445}",
SlowMo Party,"['200-15 36th Ave', 'Bayside, NY 11361']",Bayside,5.0,18,"{'latitude': 40.764389, 'longitude': -73.7858429}",
AA Film Studios,"['762 Green St', 'Ste 1L', 'Old Bridge, NJ 08857']",Old Bridge,3.5,3,"{'latitude': 40.564601, 'longitude': -74.3023555}",
Sets and Effects,"['1239 Dekalb Ave', 'Brooklyn, NY 11221']",Brooklyn,5.0,1,"{'latitude': 40.696456, 'longitude': -73.927286}",
Dreamlife Wedding Photos & Video,"['216 E 39th St', 'Level 2', 'New York, NY 10016']",New York,4.0,30,"{'latitude': 40.748557, 'longitude': -73.975267}",
Breathe Artistic Cinematography & Photography,"['230 Market St', 'Elmwood Park, NJ 07407']",Elmwood Park,5.0,3,"{'latitude': 40.9003785, 'longitude': -74.1219231}",
Brooklyn Stitch,"['37 Noble St', 'Brooklyn, NY 11222']",Brooklyn,2.0,39,"{'latitude': 40.7287684, 'longitude': -73.9595449}",
Big A Solutions,"['New York, NY 10002']",New York,5.0,1,"{'latitude': 40.757929, 'longitude': -73.985506}",
In2 Printing,"['45-49 162nd St', 'Flushing, NY 11358']",Flushing,4.5,11,"{'latitude': 40.7549, 'longitude': -73.8044199}",
Nefeli Soteriou,"['10 Maple St', 'Apt F11', 'New York, NY 11225']",New York,5.0,1,"{'latitude': 40.66013, 'longitude': -73.96038}",
Bestype Printing,"['285 W Broadway', 'New York, NY 10013']",New York,4.5,29,"{'latitude': 40.7208373, 'longitude': -74.0046332}",
Davoli Law Firm,"['153 W 27th St', 'Ste 204', 'New York, NY 10001']",New York,5.0,2,"{'latitude': 40.7465473, 'longitude': -73.992982}",
Pollock Spark,"['70 Berry St', 'PH A', 'Brooklyn, NY 11249']",Brooklyn,3.5,2,"{'latitude': 40.7203359442127, 'longitude': -73.9576951455383}",
MTC Kitchen,"['711 Third Ave', 'New York, NY 10017']",New York,4.0,31,"{'latitude': 40.7524343773786, 'longitude': -73.9727604389191}",2.0
Fairway Printing & Design,"['115 W 30th St', 'Ste 306', 'New York, NY 10001']",New York,4.5,46,"{'latitude': 40.74773, 'longitude': -73.99041}",
Publicide,"['250 W 40th St', 'Fl 8', 'New York, NY 10018']",New York,3.5,22,"{'latitude': 40.75542, 'longitude': -73.98973}",
Unique Print  NY,"['252 Greene St', 'New York, NY 10003']",New York,4.5,109,"{'latitude': 40.730564, 'longitude': -73.994408}",
White Diamond Video,"['27 Family Ln', 'Levittown, NY 11756']",Levittown,4.5,17,"{'latitude': 40.740695, 'longitude': -73.522346}",
DFP,"['White Plains, NY 10605']",White Plains,5.0,7,"{'latitude': 40.9334252, 'longitude': -73.7493455}",
Hi Tech Studios,"['10 Grace Ave', 'Great Neck, NY 11021']",Great Neck,5.0,6,"{'latitude': 40.7881851196289, 'longitude': -73.7279281616211}",2.0
Romano Law,"['55 Broad St', 'Fl 18', 'New York, NY 10004']",New York,4.5,15,"{'latitude': 40.7053913324561, 'longitude': -74.0112110502624}",
Pro Signs & Wraps,"['45 Cedar St', 'Unit 01', 'Stamford, CT 06902']",Stamford,5.0,2,"{'latitude': 41.042589, 'longitude': -73.5351639}",
Gio Photography & Video,"['353 Broad Ave', 'Ste 200', 'Leonia, NJ 07605']",Leonia,5.0,19,"{'latitude': 40.8623677, 'longitude': -73.9870892}",
WhiteWater Music,"['5 E19th St', 'Fl 3', 'New York, NY 10003']",New York,1.0,3,"{'latitude': 40.7327412957708, 'longitude': -73.9873675846558}",
Swift Copy Printing,"['10 E 36th St', 'New York, NY 10016']",New York,4.0,26,"{'latitude': 40.7497693100554, 'longitude': -73.9828030804431}",
George Street Photo & Video,"['1120 6th Ave', 'Ste 4004', 'Manhattan, NY 10007']",Manhattan,4.0,75,"{'latitude': 40.7555999755859, 'longitude': -73.9828567504883}",
Koblenz Law,"['3 W 35th St', '6th Fl', 'New York, NY 10001']",New York,5.0,1,"{'latitude': 40.749741, 'longitude': -73.984576}",
Joie Elie Photography,"['1075 Easton Ave', 'Tower 2, Ste 5', 'Somerset, NJ 08873']",Somerset,4.5,3,"{'latitude': 40.4933734, 'longitude': -74.5228916}",
NYC Printing 123,"['436 4th Ave', 'Brooklyn, NY 11215']",Brooklyn,1.0,17,"{'latitude': 40.6708653, 'longitude': -73.9886324}",
Sign Graphics,"['625 60th St', 'West New York, NJ 07093']",West New York,5.0,2,"{'latitude': 40.790919, 'longitude': -74.020916}",
Fiorella Image,"['Edgewater, NJ 07020']",Edgewater,1.0,1,"{'latitude': 40.8236770629883, 'longitude': -73.9738159179688}",
Aperture Alley,"['400 High St', 'Ste D', 'HACKETTSTOWN, NJ 07840']",HACKETTSTOWN,5.0,1,"{'latitude': 40.8586297, 'longitude': -74.8274098}",
River Red Casting,"['129-09 123rd St', 'Queens, NY 11420']",Queens,5.0,1,"{'latitude': 40.6752581, 'longitude': -73.8145288}",
True Love Wedding Studio,"['188-04 Northern Blvd', 'Fl 2', 'Flushing, NY 11354']",Flushing,4.5,140,"{'latitude': 40.7575643, 'longitude': -73.7926571}",
Barbara Mcnamara Casting,"['249 W 34th St', 'Rm 500', 'New York, NY 10001']",New York,4.5,2,"{'latitude': 40.752, 'longitude': -73.99227}",
Runway Waiters,"['New York, NY 10011']",New York,5.0,1,"{'latitude': 40.7392845153809, 'longitude': -73.9989318847656}",
Backstage Casting,"['45 Main St', 'Brooklyn, NY 11201']",Brooklyn,3.5,55,"{'latitude': 40.70278, 'longitude': -73.99059}",
Big City Manufacturing,"['2321 Jfk Boulevard', 'Sb 27-A', 'North Bergen, NJ 07047']",North Bergen,1.0,2,"{'latitude': 40.770339, 'longitude': -74.038849}",
Vaaho Photographer & Cinematographers,"['132 S Broadway', 'Hicksville, NY 11801']",Hicksville,3.5,14,"{'latitude': 40.765727, 'longitude': -73.5222644}",
GreenHouse Eco-Cleaning,"['Brooklyn, NY 11201']",Brooklyn,3.5,28,"{'latitude': 40.7027212, 'longitude': -73.9868942}",
Montclair Center Camera Exchange,"['7 Park St', 'Ste 201', 'Montclair, NJ 07042']",Montclair,3.0,9,"{'latitude': 40.8152083, 'longitude': -74.2186803}",
Capture the Moment Studios,"['637 A Old Willets Path', 'Hauppauge, NY 11788']",Hauppauge,5.0,12,"{'latitude': 40.8143861589838, 'longitude': -73.2325985772461}",
Dirt Nerd,"['New York, NY 10282']",New York,4.5,38,"{'latitude': 40.71596, 'longitude': -74.01479}",
Pro Image Photo,"['289 Amsterdam Ave', 'New York, NY 10023']",New York,3.0,49,"{'latitude': 40.7794727, 'longitude': -73.9807986}",
Accomplishment Coaching,"['2831 Camino Del Rio S', 'Ste 216', 'New York, NY 10006']",New York,4.5,16,"{'latitude': 40.7091015, 'longitude': -74.0139967}",
Smash Studios,"['307 West 36th St', 'Fl 18', 'New York, NY 10018']",New York,3.5,39,"{'latitude': 40.75383, 'longitude': -73.99308}",
Silverfox Photography,"['380 New Hwy', 'Lindenhurst, NY 11757']",Lindenhurst,4.5,26,"{'latitude': 40.7170295715332, 'longitude': -73.4063491821289}",
Visual Image Video and Photography,"['18 Hervey St', 'Staten Island, NY 10309']",Staten Island,1.0,2,"{'latitude': 40.5533063, 'longitude': -74.2169925}",
Sylvia Fay Casting,"['420 W End Ave', 'Unit Gr D', 'New York, NY 10024']",New York,2.5,8,"{'latitude': 40.78506, 'longitude': -73.98025}",
Great Green Cleaning and Maid Service,"['264 1st St', 'Brooklyn, NY 11215']",Brooklyn,3.0,50,"{'latitude': 40.6747, 'longitude': -73.98395}",
NYCastings,"['311 W 43rd St', 'New York, NY 10036']",New York,3.0,5,"{'latitude': 40.758512, 'longitude': -73.990033}",
Marc Trautrimas,"['1198 Metropolitan Ave', 'Brooklyn, NY 11237']",Brooklyn,1.0,6,"{'latitude': 40.713945, 'longitude': -73.929049}",
Abella Studios,"['84 Brunswick Woods Dr', 'East Brunswick, NJ 08816']",East Brunswick,4.0,23,"{'latitude': 40.42199, 'longitude': -74.39016}",
Chic Inspiration - Personal Shopper and Image Consulting,"['133 W 72nd St', 'Ste 403', 'New York, NY 10023']",New York,4.5,12,"{'latitude': 40.77816, 'longitude': -73.97982}",2.0
Premier Digital Photography and Video,"['169 Main St', 'Staten Island, NY 10307']",Staten Island,2.5,13,"{'latitude': 40.51082, 'longitude': -74.24844}",
Anna's Cleaning Company,"['517 George Urban Blvd', 'Buffalo, NY 14225']",Buffalo,4.0,112,"{'latitude': 40.70458, 'longitude': -73.90113}",
Kinetic Security Ops,"['Harrison, NY 10577']",Harrison,5.0,2,"{'latitude': 41.03619, 'longitude': -73.71811}",
The New York Talent Club Talent & Model Agency,"['New York, NY 10001']",New York,1.0,1,"{'latitude': 40.750244140625, 'longitude': -73.9970245361328}",
Exec Cleaning & Maid Service,"['New York, NY 10007']",New York,4.0,45,"{'latitude': 40.7134170532227, 'longitude': -74.0077056884766}",
MyClean Cleaning Services NYC,"['247 West 35th St', 'Fl 9', 'New York, NY 10001']",New York,4.5,731,"{'latitude': 40.7526971686163, 'longitude': -73.9923072871521}",
FedEx Office Ship Center,"['6 Barclay St', 'New York, NY 10007']",New York,2.5,10,"{'latitude': 40.7121893328885, 'longitude': -74.0087823163102}",
Synergy Maids Cleaning Service,"['211 W 56th St', 'Ste 7M', 'New York, NY 10019']",New York,4.5,281,"{'latitude': 40.76539, 'longitude': -73.98158}",
New Jersey Cleaning Services,"['153 Sherman Pl', 'Garfield, NJ 07026']",Garfield,4.5,51,"{'latitude': 40.874355, 'longitude': -74.102191}",
Atrium,"['387 Park Ave S', 'Fl 3', 'New York, NY 10016']",New York,3.0,115,"{'latitude': 40.74283, 'longitude': -73.9842199}",
Pure Productive Services,"['Weehawken, NJ 07086']",Weehawken,1.5,67,"{'latitude': 40.774097442627, 'longitude': -74.0174865722656}",
Adecco Staffing,"['1040 Ave Of The Americas', 'Fl 19', 'New York, NY 10018']",New York,3.0,47,"{'latitude': 40.75299, 'longitude': -73.98503}",
Putnam Window Tint,"['25 Miller Rd', 'Mahopac, NY 10541']",Mahopac,4.0,13,"{'latitude': 41.34713, 'longitude': -73.7529799}",
Verizon Corporate,"['140 West St', 'New York, NY 10007']",New York,1.0,253,"{'latitude': 40.7138062516244, 'longitude': -74.0129837300378}",4.0
Jamroe Cleaning Service,"['Springfield Gardens, NY 11413']",Springfield Gardens,4.0,102,"{'latitude': 40.67537, 'longitude': -73.75155}",
Elen's Kids,"['1119 Raritan Rd', 'Clark, NJ 07066']",Clark,1.5,21,"{'latitude': 40.628659, 'longitude': -74.312986}",
FedEx Office Print & Ship Center,"['250 E Houston St', 'New York, NY 10002']",New York,2.0,87,"{'latitude': 40.7219259989941, 'longitude': -73.98458629315}",
FedEx Office Print & Ship Center,"['105 Duane St', 'New York, NY 10007']",New York,2.0,46,"{'latitude': 40.715613, 'longitude': -74.005891}",
Moviepass,"['175 Varick St', 'Ste 604', 'New York, NY 10014']",New York,1.0,100,"{'latitude': 40.7274061338494, 'longitude': -74.0060500055552}",
J Ferrara Photography,"['263 Main St', 'Cornwall, NY 12518']",Cornwall,5.0,2,"{'latitude': 41.4356261402511, 'longitude': -74.0329892272577}",
Verizon,"['2239 Broadway', 'New York, NY 10024']",New York,2.0,94,"{'latitude': 40.7845465, 'longitude': -73.9798640699406}",3.0
Spectrum,"['43 W 23rd St', 'New York, NY 10010']",New York,1.5,892,"{'latitude': 40.7425261, 'longitude': -73.9911395}",
Spectrum,"['2554 Broadway', 'New York, NY 10025']",New York,1.5,162,"{'latitude': 40.79442064420939, 'longitude': -73.9716408}",
Karmapants Photography,"['Mount Holly, NJ 08060']",Mount Holly,5.0,1,"{'latitude': 39.9976539611816, 'longitude': -74.7843933105469}",
Secret Fire Media,"['Wappingers Falls, NY 12590']",Wappingers Falls,4.0,10,"{'latitude': 41.59696, 'longitude': -73.91325}",
Cinescope,"['5 S Main St', 'Doylestown, PA 18901']",Doylestown,5.0,3,"{'latitude': 40.309828966856, 'longitude': -75.1303079724312}",
Jordan Green Productions,"['3502 Leavenworth St', 'Omaha, NE 68105']",Omaha,1.0,1,"{'latitude': 41.252651, 'longitude': -95.964111}",
BeauMonde Originals,"['3128 N 35th St', 'Philadelphia, PA 19132']",Philadelphia,5.0,2,"{'latitude': 40.00559, 'longitude': -75.18678}",
Kiss the Bride Films,"['San Francisco, CA 94103']",San Francisco,5.0,14,"{'latitude': 37.7744789123535, 'longitude': -122.409164428711}",
